{
	"format_version": "1.8.0",
	"animations": {
		"flight": {
			"loop": true,
			"animation_length": 5,
			"bones": {
				"stargate": {
					"rotation": [0, 0, -180]
				},
				"SymbolRing": {
					"rotation": {
						"0.0": [0, 0, 0],
						"5.0": [0, 0, 360]
					}
				},
				"SymbolRingDestiny": {
					"rotation": {
						"0.0": [0, 0, 0],
						"5.0": [0, 0, 360]
					}
				},
				"portal": {
					"scale": 0
				}
			}
		},
		"open": {
			"loop": "hold_on_last_frame",
			"animation_length": 1,
			"bones": {
				"stargate": {
					"rotation": [0, 0, -180]
				},
				"chev7": {
					"position": {
						"0.0": [0, 0, 0],
						"0.0417": [0, -0.0599, 0],
						"0.0833": [0, -0.23844, 0],
						"0.1667": [0, -0.76156, 0],
						"0.2083": [0, -0.9401, 0],
						"0.25": [0, -1, 0],
						"0.75": [0, -1, 0],
						"0.7917": [0, -0.9401, 0],
						"0.8333": [0, -0.76156, 0],
						"0.9167": [0, -0.23844, 0],
						"0.9583": [0, -0.0599, 0],
						"1.0": [0, 0, 0]
					}
				},
				"chev7bottom": {
					"position": {
						"0.0": [0, 0, 0],
						"0.0417": [0, 0.0599, 0],
						"0.0833": [0, 0.23844, 0],
						"0.1667": [0, 0.76156, 0],
						"0.2083": [0, 0.9401, 0],
						"0.25": [0, 1, 0],
						"0.75": [0, 1, 0],
						"0.7917": [0, 0.9401, 0],
						"0.8333": [0, 0.76156, 0],
						"0.9167": [0, 0.23844, 0],
						"0.9583": [0, 0.0599, 0],
						"1.0": [0, 0, 0]
					}
				},
				"chev_light": {
					"scale": {
						"0.75": [0, 0, 0],
						"0.7917": [1, 1, 1]
					}
				},
				"chev_light2": {
					"scale": {
						"0.75": [0, 0, 0],
						"0.7917": [1, 1, 1]
					}
				},
				"chev_light3": {
					"scale": {
						"0.75": [0, 0, 0],
						"0.7917": [1, 1, 1]
					}
				},
				"chev_light4": {
					"scale": {
						"0.75": [0, 0, 0],
						"0.7917": [1, 1, 1]
					}
				},
				"chev_light5": {
					"scale": {
						"0.75": [0, 0, 0],
						"0.7917": [1, 1, 1]
					}
				},
				"chev_light6": {
					"scale": {
						"0.75": [0, 0, 0],
						"0.7917": [1, 1, 1]
					}
				},
				"chev_light7": {
					"position": {
						"0.0": [0, 0, 0],
						"0.0417": [0, -0.0599, 0],
						"0.0833": [0, -0.23844, 0],
						"0.1667": [0, -0.76156, 0],
						"0.2083": [0, -0.9401, 0],
						"0.25": [0, -1, 0],
						"0.75": [0, -1, 0],
						"0.7917": [0, -0.9401, 0],
						"0.8333": [0, -0.76156, 0],
						"0.9167": [0, -0.23844, 0],
						"0.9583": [0, -0.0599, 0],
						"1.0": [0, 0, 0]
					},
					"scale": {
						"0.4583": [0, 0, 0],
						"0.5": [1, 1, 1]
					}
				},
				"chev_light7bottom": {
					"position": {
						"0.0": [0, 0, 0],
						"0.0417": [0, 0.0599, 0],
						"0.0833": [0, 0.23844, 0],
						"0.1667": [0, 0.76156, 0],
						"0.2083": [0, 0.9401, 0],
						"0.25": [0, 1, 0],
						"0.75": [0, 1, 0],
						"0.7917": [0, 0.9401, 0],
						"0.8333": [0, 0.76156, 0],
						"0.9167": [0, 0.23844, 0],
						"0.9583": [0, 0.0599, 0],
						"1.0": [0, 0, 0]
					},
					"scale": {
						"0.4583": [0, 0, 0],
						"0.5": [1, 1, 1]
					}
				},
				"chev_light8": {
					"scale": {
						"0.75": [0, 0, 0],
						"0.7917": [1, 1, 1]
					}
				},
				"chev_light9": {
					"scale": {
						"0.75": [0, 0, 0],
						"0.7917": [1, 1, 1]
					}
				},
				"portal": {
					"scale": {
						"0.875": [0, 0, 0],
						"0.9167": [1, 1, 1]
					}
				}
			},
			"sound_effects": {
				"0.0": {
					"effect": "chevron_lock"
				},
				"0.75": {
					"effect": "chevron_lock"
				}
			}
		},
		"idle": {
			"loop": true,
			"animation_length": 0.5,
			"bones": {
				"stargate": {
					"rotation": [0, 0, -180]
				},
				"chev_light": {
					"scale": 0
				},
				"chev_light2": {
					"scale": 0
				},
				"chev_light3": {
					"scale": 0
				},
				"chev_light4": {
					"scale": 0
				},
				"chev_light5": {
					"scale": 0
				},
				"chev_light6": {
					"scale": 0
				},
				"chev_light7": {
					"scale": 0
				},
				"chev_light7bottom": {
					"scale": 0
				},
				"chev_light8": {
					"scale": 0
				},
				"chev_light9": {
					"scale": 0
				},
				"portal": {
					"scale": 0
				}
			}
		},
		"open_alt": {
			"loop": "hold_on_last_frame",
			"animation_length": 1,
			"bones": {
				"stargate": {
					"rotation": [0, 0, -180]
				},
				"chev7": {
					"position": {
						"0.0": [0, 0, 0],
						"0.0417": [0, -0.0599, 0],
						"0.0833": [0, -0.23844, 0],
						"0.1667": [0, -0.76156, 0],
						"0.2083": [0, -0.9401, 0],
						"0.25": [0, -1, 0],
						"0.75": [0, -1, 0],
						"0.7917": [0, -0.9401, 0],
						"0.8333": [0, -0.76156, 0],
						"0.9167": [0, -0.23844, 0],
						"0.9583": [0, -0.0599, 0],
						"1.0": [0, 0, 0]
					}
				},
				"chev7bottom": {
					"position": {
						"0.0": [0, 0, 0],
						"0.0417": [0, 0.0599, 0],
						"0.0833": [0, 0.23844, 0],
						"0.1667": [0, 0.76156, 0],
						"0.2083": [0, 0.9401, 0],
						"0.25": [0, 1, 0],
						"0.75": [0, 1, 0],
						"0.7917": [0, 0.9401, 0],
						"0.8333": [0, 0.76156, 0],
						"0.9167": [0, 0.23844, 0],
						"0.9583": [0, 0.0599, 0],
						"1.0": [0, 0, 0]
					}
				},
				"chev_light": {
					"scale": {
						"0.75": [0, 0, 0],
						"0.7917": [1, 1, 1]
					}
				},
				"chev_light2": {
					"scale": {
						"0.75": [0, 0, 0],
						"0.7917": [1, 1, 1]
					}
				},
				"chev_light3": {
					"scale": {
						"0.75": [0, 0, 0],
						"0.7917": [1, 1, 1]
					}
				},
				"chev_light4": {
					"scale": {
						"0.75": [0, 0, 0],
						"0.7917": [1, 1, 1]
					}
				},
				"chev_light5": {
					"scale": {
						"0.75": [0, 0, 0],
						"0.7917": [1, 1, 1]
					}
				},
				"chev_light6": {
					"scale": {
						"0.75": [0, 0, 0],
						"0.7917": [1, 1, 1]
					}
				},
				"chev_light7": {
					"position": {
						"0.0": [0, 0, 0],
						"0.0417": [0, -0.0599, 0],
						"0.0833": [0, -0.23844, 0],
						"0.1667": [0, -0.76156, 0],
						"0.2083": [0, -0.9401, 0],
						"0.25": [0, -1, 0],
						"0.75": [0, -1, 0],
						"0.7917": [0, -0.9401, 0],
						"0.8333": [0, -0.76156, 0],
						"0.9167": [0, -0.23844, 0],
						"0.9583": [0, -0.0599, 0],
						"1.0": [0, 0, 0]
					}
				},
				"chev_light7bottom": {
					"position": {
						"0.0": [0, 0, 0],
						"0.25": [0, -1, 0],
						"0.75": [0, -1, 0],
						"1.0": [0, 0, 0]
					},
					"scale": {
						"0.4583": [0, 0, 0],
						"0.5": [1, 1, 1]
					}
				},
				"chev_light8": {
					"scale": {
						"0.75": [0, 0, 0],
						"0.7917": [1, 1, 1]
					}
				},
				"chev_light9": {
					"scale": {
						"0.75": [0, 0, 0],
						"0.7917": [1, 1, 1]
					}
				},
				"portal": {
					"scale": {
						"0.875": [0, 0, 0],
						"0.9167": [1, 1, 1]
					}
				}
			},
			"sound_effects": {
				"0.0": {
					"effect": "chevron_lock"
				},
				"0.75": {
					"effect": "chevron_lock"
				}
			}
		}
	}
}